enrollment_id,user_id,course_id,enrollment_date,completion_status
1,496,12,2022-12-10,completed
2,481,10,2023-07-22,in_progress
3,195,9,2022-01-13,completed
4,75,4,2023-07-25,in_progress
5,616,19,2023-11-11,dropped
6,74,12,2022-05-04,completed
7,210,26,2023-12-21,in_progress
8,340,23,2024-08-20,in_progress
9,717,24,2022-09-08,completed
10,694,15,2024-09-22,in_progress
11,94,9,2022-07-18,completed
12,185,29,2024-03-13,dropped
13,147,7,2024-02-15,in_progress
14,100,16,2024-04-14,in_progress
15,218,9,2023-12-09,dropped
16,686,11,2023-12-15,in_progress
17,468,5,2022-03-10,completed
18,236,16,2023-10-23,dropped
19,366,10,2023-12-20,in_progress
20,462,20,2023-07-15,in_progress
21,98,22,2022-08-13,completed
22,673,3,2022-03-08,completed
23,624,8,2023-04-30,in_progress
24,509,3,2023-03-13,in_progress
25,749,29,2023-11-11,in_progress
26,676,25,2022-02-17,completed
27,18,13,2024-07-04,in_progress
28,714,3,2023-04-05,in_progress
29,169,5,2023-05-03,in_progress
30,376,15,2022-07-11,completed
31,220,6,2021-11-14,completed
32,181,9,2023-04-22,in_progress
33,736,1,2023-07-16,in_progress
34,194,20,2023-05-14,in_progress
35,60,18,2024-06-07,in_progress
36,140,27,2023-12-05,in_progress
37,106,25,2022-01-13,completed
38,339,21,2022-10-04,completed
39,37,14,2022-05-08,completed
40,227,9,2023-02-01,in_progress
41,127,4,2023-03-20,dropped
42,122,14,2023-06-13,in_progress
43,650,11,2023-07-22,in_progress
44,739,3,2023-11-06,dropped
45,422,7,2024-03-04,in_progress
46,170,30,2022-07-31,completed
47,274,22,2023-08-29,in_progress
48,319,8,2023-08-09,in_progress
49,473,3,2024-07-16,in_progress
50,592,22,2022-12-03,completed
51,220,26,2023-09-08,in_progress
52,482,19,2024-06-10,in_progress
53,449,6,2024-09-01,in_progress
54,85,28,2022-10-18,completed
55,753,3,2022-11-29,completed
56,282,28,2022-01-03,completed
57,761,22,2021-10-06,completed
58,579,1,2022-03-16,completed
59,245,10,2022-01-24,completed
60,554,28,2023-04-11,in_progress
61,179,20,2021-11-11,completed
62,586,27,2021-12-01,completed
63,206,8,2024-03-08,in_progress
64,768,19,2023-09-06,in_progress
65,614,7,2022-03-04,completed
66,585,4,2022-03-18,completed
67,684,13,2023-07-13,in_progress
68,456,11,2022-07-28,completed
69,613,2,2024-04-19,in_progress
70,572,13,2023-08-31,in_progress
71,156,3,2024-01-16,in_progress
72,401,1,2022-12-25,completed
73,190,1,2022-05-18,completed
74,469,9,2022-02-15,completed
75,537,1,2022-03-09,completed
76,607,12,2023-09-03,in_progress
77,124,26,2022-03-16,completed
78,267,9,2021-12-04,completed
79,601,1,2022-04-30,completed
80,25,19,2024-07-06,in_progress
81,605,29,2022-01-23,completed
82,360,11,2023-02-16,in_progress
83,97,25,2024-08-02,in_progress
84,117,14,2023-10-29,in_progress
85,358,27,2022-03-17,completed
86,411,3,2024-02-28,in_progress
87,606,30,2022-03-02,completed
88,331,11,2023-06-22,in_progress
89,708,8,2023-09-30,in_progress
90,271,6,2021-10-15,completed
91,416,15,2021-11-04,completed
92,299,10,2021-10-26,completed
93,719,10,2022-12-22,completed
94,430,24,2024-07-31,in_progress
95,146,30,2022-05-28,completed
96,21,30,2023-02-21,in_progress
97,417,24,2022-04-01,completed
98,167,21,2023-10-11,dropped
99,431,2,2024-01-23,in_progress
100,280,2,2021-12-15,completed
101,262,30,2023-12-21,in_progress
102,272,26,2024-09-29,in_progress
103,390,8,2023-06-11,dropped
104,638,17,2024-03-01,in_progress
105,264,4,2022-01-23,completed
106,581,8,2023-05-06,in_progress
107,51,23,2023-04-20,in_progress
108,302,30,2024-05-29,in_progress
109,580,11,2022-09-24,completed
110,245,3,2022-06-26,completed
111,320,3,2022-01-29,completed
112,583,21,2024-05-10,in_progress
113,280,19,2023-08-14,in_progress
114,502,28,2024-07-01,in_progress
115,419,17,2024-05-09,in_progress
116,10,19,2022-09-14,completed
117,59,25,2024-05-31,in_progress
118,167,21,2023-07-13,in_progress
119,159,17,2023-11-11,in_progress
120,186,14,2024-08-05,in_progress
121,407,29,2021-12-14,completed
122,244,15,2021-12-28,completed
123,727,12,2023-06-08,dropped
124,663,17,2022-07-03,completed
125,402,5,2023-12-05,in_progress
126,288,19,2024-08-01,in_progress
127,760,16,2024-06-26,in_progress
128,492,9,2022-11-26,completed
129,673,22,2023-03-24,in_progress
130,504,12,2023-09-17,in_progress
131,723,12,2022-05-13,completed
132,319,28,2022-02-25,completed
133,151,23,2023-10-09,in_progress
134,689,1,2023-12-30,in_progress
135,348,16,2022-05-01,completed
136,695,28,2022-09-10,completed
137,699,11,2024-09-28,in_progress
138,354,4,2022-12-09,completed
139,383,26,2023-05-23,in_progress
140,612,12,2021-12-16,completed
141,547,22,2022-12-22,completed
142,597,20,2021-10-29,completed
143,724,24,2024-01-19,in_progress
144,699,15,2022-07-13,completed
145,226,30,2023-06-08,in_progress
146,477,10,2023-08-20,in_progress
147,577,26,2023-09-12,in_progress
148,392,17,2022-05-13,completed
149,443,9,2023-05-30,in_progress
150,657,21,2023-08-20,in_progress
151,676,20,2023-04-20,in_progress
152,165,19,2022-05-25,completed
153,592,8,2022-08-13,completed
154,530,25,2023-01-04,in_progress
155,74,22,2023-10-13,in_progress
156,440,21,2023-03-23,in_progress
157,477,26,2021-11-24,completed
158,134,27,2023-05-07,in_progress
159,628,2,2024-02-21,in_progress
160,554,9,2024-09-20,in_progress
161,489,21,2024-04-21,in_progress
162,484,1,2021-10-18,completed
163,361,8,2022-09-23,completed
164,522,23,2023-03-16,in_progress
165,421,4,2024-04-10,in_progress
166,9,20,2024-05-19,in_progress
167,683,11,2024-05-29,in_progress
168,616,28,2021-11-22,completed
169,733,6,2021-10-03,completed
170,316,5,2022-10-09,completed
171,17,13,2024-07-27,in_progress
172,683,11,2023-12-17,in_progress
173,683,27,2021-11-02,completed
174,620,7,2023-03-04,in_progress
175,423,8,2024-06-14,dropped
176,308,25,2022-05-01,completed
177,11,29,2022-01-16,completed
178,11,5,2023-12-27,in_progress
179,419,13,2022-09-16,completed
180,305,8,2024-09-03,in_progress
181,737,4,2022-09-29,completed
182,741,18,2023-01-06,dropped
183,547,23,2024-09-22,in_progress
184,763,23,2024-05-30,in_progress
185,119,21,2022-02-25,completed
186,157,17,2023-06-18,in_progress
187,732,1,2022-10-12,completed
188,697,2,2021-11-06,completed
189,715,23,2024-05-29,in_progress
190,114,16,2023-09-21,in_progress
191,268,25,2024-08-26,in_progress
192,341,26,2022-02-04,completed
193,518,5,2023-03-27,in_progress
194,349,8,2023-11-09,in_progress
195,258,12,2022-02-11,completed
196,618,22,2021-12-16,completed
197,382,4,2022-08-02,completed
198,696,18,2023-12-22,dropped
199,449,20,2024-08-12,dropped
200,519,23,2024-04-08,in_progress
201,321,20,2023-09-04,in_progress
202,493,3,2024-02-06,in_progress
203,435,11,2024-07-18,in_progress
204,349,27,2023-02-09,in_progress
205,359,17,2024-01-25,in_progress
206,342,18,2023-11-15,dropped
207,128,17,2022-01-11,completed
208,496,30,2024-02-23,in_progress
209,575,16,2023-08-24,in_progress
210,52,5,2022-03-02,completed
211,432,8,2022-10-10,completed
212,139,15,2024-01-07,in_progress
213,565,11,2023-03-06,in_progress
214,477,12,2022-04-02,completed
215,17,4,2023-01-21,in_progress
216,560,22,2024-05-15,dropped
217,522,21,2024-08-18,dropped
218,602,18,2022-04-16,completed
219,159,11,2022-05-04,completed
220,453,12,2024-02-24,in_progress
221,708,1,2023-09-22,in_progress
222,705,2,2023-06-26,in_progress
223,130,6,2022-04-03,completed
224,511,9,2023-08-27,in_progress
225,571,13,2023-09-21,in_progress
226,643,13,2023-11-09,dropped
227,692,12,2022-09-16,completed
228,94,20,2024-07-22,dropped
229,751,21,2023-05-01,in_progress
230,18,9,2023-02-25,in_progress
231,572,15,2024-03-05,in_progress
232,724,25,2023-06-29,in_progress
233,253,15,2023-12-16,in_progress
234,79,26,2024-06-27,dropped
235,589,3,2024-01-18,in_progress
236,753,23,2022-05-16,completed
237,715,27,2024-02-17,in_progress
238,113,24,2023-04-29,in_progress
239,647,24,2023-01-01,in_progress
240,326,12,2024-09-10,in_progress
241,578,4,2023-01-09,in_progress
242,699,12,2022-09-23,completed
243,170,30,2022-03-03,completed
244,117,30,2022-05-31,completed
245,615,27,2024-05-04,in_progress
246,620,29,2023-10-11,in_progress
247,546,6,2022-07-28,completed
248,660,9,2022-05-05,completed
249,259,2,2022-07-04,completed
250,281,29,2023-07-04,dropped
251,537,8,2022-04-26,completed
252,616,20,2021-11-14,completed
253,574,18,2022-02-17,completed
254,554,9,2021-10-05,completed
255,751,14,2024-06-09,in_progress
256,455,4,2022-08-28,completed
257,248,13,2023-09-11,in_progress
258,266,15,2022-12-11,completed
259,487,22,2022-09-11,completed
260,6,28,2024-05-15,in_progress
261,579,26,2024-02-28,in_progress
262,268,16,2023-07-20,in_progress
263,315,2,2022-08-25,completed
264,91,30,2022-12-10,completed
265,564,2,2022-05-24,completed
266,205,8,2024-09-08,in_progress
267,40,11,2022-01-22,completed
268,232,4,2023-03-01,in_progress
269,373,9,2022-02-04,completed
270,517,25,2024-08-15,in_progress
271,751,5,2021-11-14,completed
272,28,12,2023-03-20,in_progress
273,456,26,2023-10-15,dropped
274,139,16,2023-01-17,in_progress
275,393,21,2023-10-28,in_progress
276,80,30,2022-08-13,completed
277,182,15,2022-07-18,completed
278,468,4,2022-10-21,completed
279,672,23,2023-06-11,dropped
280,435,12,2023-11-05,in_progress
281,348,27,2021-11-17,completed
282,560,9,2023-02-14,in_progress
283,522,9,2022-07-07,completed
284,128,28,2022-12-08,completed
285,664,14,2022-11-24,completed
286,463,27,2023-03-27,dropped
287,323,2,2024-05-04,in_progress
288,589,10,2022-09-01,completed
289,460,29,2023-01-30,in_progress
290,278,15,2022-04-25,completed
291,497,17,2023-07-23,in_progress
292,266,27,2022-05-13,completed
293,504,12,2022-08-22,completed
294,106,6,2023-07-21,in_progress
295,671,22,2024-05-14,in_progress
296,130,25,2024-04-03,in_progress
297,198,25,2022-08-17,completed
298,156,17,2022-08-31,completed
299,293,19,2023-04-17,in_progress
300,102,13,2024-03-30,in_progress
301,460,25,2024-09-23,in_progress
302,644,23,2024-03-03,in_progress
303,418,18,2022-01-18,completed
304,112,4,2023-05-10,in_progress
305,73,12,2021-10-15,completed
306,221,29,2023-05-02,in_progress
307,150,26,2024-03-10,in_progress
308,556,29,2022-02-10,completed
309,680,8,2023-08-08,in_progress
310,600,23,2024-04-05,in_progress
311,599,16,2023-10-13,in_progress
312,205,12,2024-05-14,dropped
313,382,18,2023-10-09,dropped
314,591,7,2023-10-01,in_progress
315,353,8,2022-02-14,completed
316,588,24,2022-12-09,completed
317,222,19,2022-08-12,completed
318,559,12,2021-10-18,completed
319,287,19,2024-09-24,in_progress
320,758,21,2024-08-29,in_progress
321,223,24,2024-05-12,in_progress
322,348,6,2022-10-01,completed
323,230,27,2024-09-29,in_progress
324,439,24,2022-02-10,completed
325,295,17,2023-01-18,in_progress
326,56,13,2022-08-28,completed
327,241,25,2023-07-09,in_progress
328,632,21,2022-11-14,completed
329,135,17,2024-02-18,in_progress
330,146,16,2024-02-29,in_progress
331,659,30,2024-06-22,in_progress
332,711,7,2023-11-11,in_progress
333,581,27,2024-05-04,dropped
334,271,1,2021-11-24,completed
335,302,17,2024-01-03,in_progress
336,591,5,2021-11-13,completed
337,736,17,2024-07-13,in_progress
338,155,14,2022-07-21,completed
339,689,4,2023-06-27,dropped
340,696,20,2024-05-17,in_progress
341,629,4,2022-04-12,completed
342,77,27,2023-04-26,in_progress
343,591,3,2023-12-28,in_progress
344,280,8,2024-01-20,dropped
345,220,30,2023-11-06,in_progress
346,429,21,2024-05-19,in_progress
347,757,18,2023-05-09,in_progress
348,252,15,2023-03-10,in_progress
349,768,7,2023-02-12,dropped
350,760,22,2023-10-13,in_progress
351,494,14,2023-08-06,in_progress
352,750,21,2022-03-21,completed
353,524,1,2021-12-08,completed
354,85,12,2024-03-08,in_progress
355,696,3,2022-04-06,completed
356,706,19,2023-05-29,in_progress
357,130,14,2024-05-13,in_progress
358,223,1,2023-01-25,in_progress
359,340,13,2024-02-07,in_progress
360,575,6,2024-06-26,in_progress
361,17,1,2021-12-31,completed
362,593,2,2024-04-17,in_progress
363,91,2,2021-10-17,completed
364,595,1,2021-12-13,completed
365,433,25,2024-04-25,in_progress
366,450,21,2022-03-08,completed
367,140,6,2024-06-27,dropped
368,642,19,2023-03-19,dropped
369,694,21,2022-04-18,completed
370,311,23,2024-04-13,in_progress
371,585,6,2022-07-27,completed
372,236,9,2024-03-07,in_progress
373,221,12,2022-04-16,completed
374,611,30,2021-12-07,completed
375,491,11,2022-09-05,completed
376,595,11,2021-12-09,completed
377,162,2,2022-03-18,completed
378,110,28,2022-03-17,completed
379,104,13,2023-05-02,in_progress
380,210,16,2023-03-09,in_progress
381,748,21,2022-12-25,completed
382,220,23,2023-04-25,in_progress
383,178,21,2024-03-08,in_progress
384,40,5,2024-08-15,in_progress
385,611,30,2022-02-27,completed
386,331,4,2024-07-18,in_progress
387,262,22,2023-02-08,in_progress
388,15,22,2022-03-09,completed
389,374,15,2023-07-05,in_progress
390,407,29,2023-03-25,in_progress
391,332,9,2023-03-04,in_progress
392,201,28,2023-01-11,in_progress
393,100,30,2024-07-28,in_progress
394,95,11,2022-02-27,completed
395,466,30,2022-02-20,completed
396,611,4,2023-03-17,in_progress
397,289,21,2022-07-11,completed
398,472,7,2022-10-07,completed
399,354,24,2023-03-27,in_progress
400,757,11,2024-08-02,in_progress
401,556,7,2023-02-20,in_progress
402,88,23,2022-12-19,completed
403,39,24,2023-05-03,in_progress
404,566,3,2021-12-16,completed
405,634,7,2022-02-05,completed
406,269,22,2024-02-17,in_progress
407,724,6,2023-02-11,in_progress
408,92,19,2022-03-07,completed
409,224,4,2024-06-18,in_progress
410,354,2,2024-05-29,in_progress
411,326,11,2024-09-25,in_progress
412,686,30,2023-12-17,in_progress
413,108,25,2023-09-03,dropped
414,82,27,2021-11-02,completed
415,410,12,2021-10-20,completed
416,366,15,2023-03-08,in_progress
417,70,16,2022-07-09,completed
418,633,28,2022-12-08,completed
419,288,6,2024-07-10,in_progress
420,462,9,2022-08-23,completed
421,763,22,2024-09-07,in_progress
422,259,18,2022-04-11,completed
423,452,20,2024-01-08,in_progress
424,726,8,2023-02-03,in_progress
425,166,23,2022-02-04,completed
426,329,5,2024-07-03,in_progress
427,37,6,2023-10-25,in_progress
428,516,11,2024-04-17,in_progress
429,116,5,2024-08-24,in_progress
430,493,30,2022-07-06,completed
431,464,25,2022-11-29,completed
432,725,5,2024-03-19,in_progress
433,714,20,2021-10-21,completed
434,723,24,2023-05-26,in_progress
435,118,21,2021-10-15,completed
436,501,21,2021-10-08,completed
437,533,13,2024-05-21,dropped
438,432,21,2023-03-14,in_progress
439,189,27,2024-08-31,in_progress
440,304,8,2023-11-20,in_progress
441,113,13,2022-07-19,completed
442,420,16,2022-05-09,completed
443,260,22,2021-12-02,completed
444,632,4,2024-05-02,in_progress
445,556,25,2024-01-29,in_progress
446,461,11,2023-09-26,in_progress
447,464,6,2023-04-26,in_progress
448,487,30,2023-01-14,in_progress
449,255,3,2024-03-22,in_progress
450,469,15,2023-10-03,dropped
451,767,1,2024-08-23,in_progress
452,597,17,2022-12-08,completed
453,43,21,2022-10-30,completed
454,444,8,2022-05-29,completed
455,172,18,2023-01-24,in_progress
456,582,19,2024-04-26,in_progress
457,749,18,2022-10-20,completed
458,49,10,2023-06-09,in_progress
459,635,19,2022-12-02,completed
460,197,14,2022-11-06,completed
461,248,30,2022-11-15,completed
462,644,4,2023-05-25,dropped
463,675,8,2024-03-16,in_progress
464,202,3,2022-09-17,completed
465,311,29,2024-04-28,in_progress
466,328,11,2022-01-28,completed
467,55,20,2022-03-22,completed
468,363,1,2022-03-04,completed
469,410,9,2023-08-21,in_progress
470,575,23,2022-08-09,completed
471,544,18,2023-02-18,in_progress
472,535,4,2023-06-09,in_progress
473,638,3,2022-10-23,completed
474,16,20,2023-12-26,in_progress
475,501,14,2024-05-01,in_progress
476,106,29,2024-02-29,in_progress
477,1,28,2023-01-07,in_progress
478,220,18,2023-02-27,in_progress
479,752,11,2024-01-05,dropped
480,426,22,2022-08-20,completed
481,517,4,2024-06-17,in_progress
482,488,2,2023-06-01,dropped
483,549,19,2022-09-25,completed
484,481,15,2021-12-13,completed
485,193,21,2022-03-23,completed
486,696,27,2022-09-05,completed
487,686,21,2021-10-26,completed
488,727,30,2023-10-02,in_progress
489,107,18,2021-10-30,completed
490,6,8,2023-01-23,in_progress
491,107,1,2023-04-27,in_progress
492,160,11,2021-10-25,completed
493,228,7,2023-08-16,in_progress
494,696,29,2024-02-24,in_progress
495,716,21,2024-06-24,in_progress
496,250,18,2023-08-25,in_progress
497,46,28,2024-04-24,in_progress
498,320,19,2024-06-24,in_progress
499,195,4,2022-04-06,completed
500,46,28,2024-06-27,in_progress
501,660,6,2022-08-17,completed
502,334,5,2023-11-27,in_progress
503,257,20,2022-06-03,completed
504,702,12,2024-01-14,in_progress
505,684,20,2024-04-15,dropped
506,276,7,2021-10-17,completed
507,5,26,2023-04-08,in_progress
508,602,26,2022-09-10,completed
509,1,29,2023-04-13,dropped
510,69,4,2023-06-22,in_progress
511,374,29,2024-05-10,dropped
512,116,16,2024-05-03,in_progress
513,657,17,2023-05-09,in_progress
514,666,15,2024-08-02,in_progress
515,103,7,2023-12-19,in_progress
516,492,3,2022-02-17,completed
517,665,27,2023-05-02,in_progress
518,487,27,2023-02-07,in_progress
519,620,29,2023-11-29,in_progress
520,356,30,2023-09-04,in_progress
521,229,1,2024-07-14,in_progress
522,441,2,2022-12-10,completed
523,75,3,2022-08-28,completed
524,616,6,2023-06-23,in_progress
525,661,21,2023-08-03,in_progress
526,31,10,2023-12-31,in_progress
527,272,18,2023-02-23,in_progress
528,429,22,2023-03-27,in_progress
529,200,22,2024-09-24,dropped
530,204,27,2024-10-02,dropped
531,621,4,2021-12-20,completed
532,754,6,2024-09-27,in_progress
533,591,9,2023-06-26,in_progress
534,18,8,2022-07-04,completed
535,232,9,2022-03-13,completed
536,685,28,2022-09-03,completed
537,689,1,2022-11-29,completed
538,126,25,2022-03-30,completed
539,204,4,2024-01-07,in_progress
540,481,29,2024-05-05,in_progress
541,498,2,2023-11-10,in_progress
542,768,3,2023-03-13,in_progress
543,6,11,2023-10-28,in_progress
544,692,9,2022-12-11,completed
545,322,1,2024-09-06,dropped
546,11,15,2023-06-01,in_progress
547,768,24,2021-11-16,completed
548,305,16,2023-04-13,in_progress
549,422,14,2023-09-20,in_progress
550,631,14,2023-12-08,in_progress
551,117,9,2022-09-21,completed
552,419,29,2023-09-12,in_progress
553,404,29,2022-03-24,completed
554,278,20,2022-06-08,completed
555,764,11,2024-03-27,in_progress
556,312,21,2021-10-08,completed
557,9,5,2024-08-16,in_progress
558,159,13,2023-05-03,in_progress
559,599,30,2024-01-13,in_progress
560,284,10,2021-11-12,completed
561,464,22,2024-02-28,in_progress
562,263,3,2023-05-02,in_progress
563,541,1,2023-02-11,in_progress
564,708,2,2023-02-28,in_progress
565,548,28,2024-04-29,in_progress
566,370,27,2022-07-14,completed
567,503,20,2024-08-25,in_progress
568,724,24,2024-01-21,in_progress
569,5,26,2023-10-17,in_progress
570,221,1,2022-05-17,completed
571,752,28,2021-10-26,completed
572,323,9,2023-08-20,in_progress
573,349,11,2024-06-10,in_progress
574,495,17,2022-09-24,completed
575,448,9,2022-10-13,completed
576,646,6,2022-03-07,completed
577,350,18,2023-01-20,in_progress
578,305,10,2023-02-24,in_progress
579,764,21,2021-11-28,completed
580,277,18,2024-01-01,in_progress
581,335,25,2021-11-03,completed
582,340,9,2021-12-17,completed
583,759,6,2023-10-25,dropped
584,544,5,2023-09-07,in_progress
585,336,7,2024-03-14,in_progress
586,315,4,2022-04-01,completed
587,231,21,2024-09-28,in_progress
588,755,11,2023-11-13,in_progress
589,434,20,2021-11-28,completed
590,416,15,2022-08-05,completed
591,57,4,2022-06-28,completed
592,284,29,2022-09-20,completed
593,120,7,2023-01-17,in_progress
594,720,30,2024-02-25,in_progress
595,382,8,2022-11-27,completed
596,528,1,2024-03-23,dropped
597,588,15,2022-08-04,completed
598,533,6,2021-10-30,completed
599,423,17,2023-09-16,in_progress
600,368,14,2022-12-04,completed
601,314,24,2023-02-16,in_progress
602,490,1,2024-03-25,in_progress
603,410,20,2021-12-29,completed
604,533,28,2022-06-04,completed
605,371,18,2023-03-09,dropped
606,325,11,2023-02-13,in_progress
607,576,23,2022-09-25,completed
608,194,1,2024-03-25,in_progress
609,670,26,2022-10-24,completed
610,366,12,2022-02-24,completed
611,267,18,2023-09-28,in_progress
612,388,18,2023-12-13,in_progress
613,440,7,2022-10-27,completed
614,597,20,2023-05-28,in_progress
615,101,25,2022-04-15,completed
616,460,12,2022-01-21,completed
617,253,13,2022-10-06,completed
618,687,9,2022-05-25,completed
619,435,21,2021-10-20,completed
620,81,26,2023-10-13,in_progress
621,697,25,2021-10-09,completed
622,331,4,2023-08-17,in_progress
623,325,24,2023-12-09,in_progress
624,236,20,2022-11-22,completed
625,604,5,2022-05-23,completed
626,698,18,2024-01-30,in_progress
627,402,14,2024-05-13,in_progress
628,624,25,2024-09-20,in_progress
629,135,24,2023-04-19,in_progress
630,326,3,2022-02-16,completed
631,299,19,2023-03-29,in_progress
632,124,1,2022-12-31,completed
633,511,4,2023-12-10,in_progress
634,265,25,2022-10-26,completed
635,126,6,2021-11-23,completed
636,143,26,2023-10-27,in_progress
637,138,11,2022-10-24,completed
638,173,8,2022-01-08,completed
639,94,9,2024-03-14,in_progress
640,452,2,2023-08-28,in_progress
641,432,29,2021-10-26,completed
642,471,6,2023-08-12,in_progress
643,642,12,2023-08-03,in_progress
644,572,12,2024-04-22,in_progress
645,421,25,2021-11-07,completed
646,366,18,2022-04-17,completed
647,434,8,2022-05-12,completed
648,256,4,2023-10-16,in_progress
649,467,8,2022-05-19,completed
650,614,30,2024-09-23,in_progress
651,367,26,2022-11-17,completed
652,250,26,2021-12-26,completed
653,125,21,2023-04-24,in_progress
654,562,19,2024-05-30,in_progress
655,530,20,2022-11-29,completed
656,765,21,2023-04-21,in_progress
657,450,20,2021-12-11,completed
658,421,20,2022-08-14,completed
659,632,29,2023-03-05,in_progress
660,609,22,2024-05-23,in_progress
661,338,20,2022-01-23,completed
662,696,9,2023-08-07,in_progress
663,723,25,2024-06-13,in_progress
664,135,4,2024-07-05,dropped
665,557,14,2023-11-13,in_progress
666,72,15,2023-11-01,in_progress
667,521,22,2023-09-05,in_progress
668,551,16,2022-04-13,completed
669,650,8,2022-08-31,completed
670,11,3,2023-11-30,in_progress
671,741,2,2024-04-20,in_progress
672,86,30,2023-04-23,in_progress
673,616,10,2024-09-21,in_progress
674,91,5,2022-07-12,completed
675,468,9,2023-02-02,in_progress
676,491,7,2024-01-27,in_progress
677,743,20,2022-12-27,completed
678,307,2,2023-04-08,in_progress
679,298,9,2024-01-14,in_progress
680,406,19,2023-07-24,in_progress
681,493,15,2022-02-24,completed
682,300,20,2022-10-02,completed
683,46,29,2022-05-16,completed
684,168,6,2022-02-06,completed
685,676,27,2024-07-17,in_progress
686,676,5,2023-07-16,in_progress
687,453,5,2023-07-30,in_progress
688,191,6,2023-07-22,in_progress
689,183,14,2023-05-06,in_progress
690,669,23,2023-02-25,in_progress
691,745,28,2022-04-21,completed
692,326,22,2021-10-30,completed
693,116,11,2023-02-17,in_progress
694,352,6,2022-12-13,completed
695,649,2,2022-02-21,completed
696,313,2,2023-12-11,dropped
697,697,13,2022-09-21,completed
698,160,23,2024-04-21,in_progress
699,549,7,2022-03-20,completed
700,63,20,2024-01-15,dropped
701,376,7,2024-06-29,dropped
702,27,19,2024-07-04,in_progress
703,456,30,2022-06-08,completed
704,410,16,2023-10-18,in_progress
705,750,24,2023-07-06,in_progress
706,37,6,2023-05-14,in_progress
707,193,8,2024-01-28,in_progress
708,374,15,2023-11-01,in_progress
709,261,16,2022-04-29,completed
710,518,5,2022-07-20,completed
711,212,4,2022-04-12,completed
712,197,10,2022-02-09,completed
713,461,1,2023-03-11,in_progress
714,115,7,2021-10-06,completed
715,80,12,2023-12-31,in_progress
716,734,12,2022-07-09,completed
717,568,3,2024-09-06,in_progress
718,391,9,2022-01-29,completed
719,610,4,2023-06-12,in_progress
720,378,14,2023-07-28,in_progress
721,140,10,2022-10-26,completed
722,670,26,2024-09-30,dropped
723,301,27,2023-02-20,dropped
724,620,12,2023-05-26,in_progress
725,189,15,2024-09-13,in_progress
726,6,21,2021-10-13,completed
727,72,19,2024-02-04,in_progress
728,80,9,2022-06-19,completed
729,678,8,2022-01-28,completed
730,276,17,2022-06-15,completed
731,42,16,2022-02-01,completed
732,56,9,2024-07-10,in_progress
733,182,3,2023-05-05,in_progress
734,712,23,2024-01-19,in_progress
735,618,7,2024-08-21,in_progress
736,732,21,2023-04-29,in_progress
737,306,14,2023-01-25,in_progress
738,25,6,2022-05-21,completed
739,390,27,2024-04-03,in_progress
740,70,30,2024-01-23,in_progress
741,215,26,2024-03-10,in_progress
742,312,29,2024-04-03,in_progress
743,144,9,2022-05-21,completed
744,710,6,2021-11-08,completed
745,381,10,2022-03-21,completed
746,570,24,2021-11-05,completed
747,462,2,2022-01-20,completed
748,304,17,2023-02-26,in_progress
749,56,6,2023-03-24,in_progress
750,543,16,2024-06-30,in_progress
751,90,22,2024-09-19,in_progress
752,619,15,2022-12-09,completed
753,707,15,2023-07-15,in_progress
754,227,15,2022-08-29,completed
755,695,30,2022-10-31,completed
756,507,22,2023-11-26,in_progress
757,262,6,2024-08-22,dropped
758,670,10,2024-08-24,in_progress
759,626,10,2022-10-21,completed
760,714,5,2023-11-07,in_progress
761,319,18,2021-11-21,completed
762,572,4,2021-12-30,completed
763,171,15,2021-10-23,completed
764,80,8,2022-08-26,completed
765,692,17,2023-09-03,in_progress
766,50,27,2023-04-07,in_progress
767,475,4,2022-02-12,completed
768,227,9,2022-05-15,completed
769,441,5,2021-11-22,completed
770,139,23,2022-03-20,completed
771,558,2,2024-08-22,in_progress
772,381,4,2024-03-23,in_progress
773,466,21,2022-01-31,completed
774,596,8,2022-04-17,completed
775,304,9,2021-11-30,completed
776,730,21,2022-03-29,completed
777,328,13,2023-06-21,in_progress
778,692,28,2022-09-30,completed
779,642,20,2024-06-16,in_progress
780,559,24,2023-01-18,in_progress
781,630,22,2023-07-21,in_progress
782,467,16,2023-03-12,in_progress
783,119,3,2022-05-08,completed
784,237,10,2023-04-23,in_progress
785,651,21,2021-11-04,completed
786,57,19,2022-05-13,completed
787,128,17,2021-10-22,completed
788,392,29,2023-08-12,in_progress
789,181,30,2022-11-03,completed
790,98,5,2023-08-13,in_progress
791,241,12,2024-03-18,in_progress
792,14,22,2024-05-03,in_progress
793,455,14,2021-12-11,completed
794,534,21,2023-03-31,in_progress
795,105,1,2022-05-02,completed
796,60,30,2023-03-12,in_progress
797,460,3,2022-06-30,completed
798,410,19,2024-09-10,dropped
799,223,4,2024-03-24,in_progress
800,137,15,2024-06-10,in_progress
801,567,12,2023-01-03,in_progress
802,406,27,2024-08-18,in_progress
803,683,23,2022-06-15,completed
804,130,1,2024-09-24,in_progress
805,73,20,2023-06-25,in_progress
806,321,12,2022-09-14,completed
807,154,9,2023-01-04,in_progress
808,73,13,2023-04-06,in_progress
809,500,11,2023-03-27,in_progress
810,135,19,2022-12-20,completed
811,324,15,2022-07-15,completed
812,436,25,2023-07-30,dropped
813,472,7,2022-01-20,completed
814,672,3,2024-02-22,dropped
815,592,3,2021-12-17,completed
816,152,1,2023-05-30,in_progress
817,700,4,2022-02-02,completed
818,89,14,2023-12-04,in_progress
819,763,19,2024-01-12,in_progress
820,721,18,2021-11-04,completed
821,251,18,2024-06-14,in_progress
822,99,30,2024-02-05,in_progress
823,732,11,2023-12-19,in_progress
824,76,21,2023-09-13,dropped
825,70,28,2022-01-21,completed
826,720,10,2021-11-14,completed
827,521,25,2024-05-06,in_progress
828,271,27,2024-03-12,in_progress
829,244,15,2022-09-07,completed
830,646,25,2022-01-02,completed
831,190,21,2024-01-14,in_progress
832,364,28,2022-08-14,completed
833,286,11,2024-02-22,in_progress
834,24,20,2023-12-11,in_progress
835,74,15,2021-12-31,completed
836,521,15,2023-09-27,in_progress
837,630,11,2022-02-07,completed
838,545,28,2023-08-28,dropped
839,464,9,2021-11-05,completed
840,54,14,2022-07-11,completed
841,310,14,2024-09-06,in_progress
842,181,10,2023-05-25,in_progress
843,746,29,2024-07-21,in_progress
844,453,19,2024-08-01,in_progress
845,468,1,2023-09-21,dropped
846,39,30,2021-10-26,completed
847,63,20,2023-04-10,in_progress
848,751,15,2022-10-19,completed
849,287,19,2023-01-20,in_progress
850,687,15,2022-07-29,completed
851,225,4,2024-01-03,in_progress
852,62,13,2024-04-18,in_progress
853,198,7,2022-11-27,completed
854,621,3,2022-09-04,completed
855,437,23,2023-10-23,in_progress
856,322,13,2023-08-29,in_progress
857,300,10,2023-06-27,in_progress
858,204,15,2024-05-19,in_progress
859,71,28,2022-10-28,completed
860,586,19,2022-10-21,completed
861,657,16,2023-02-18,dropped
862,232,14,2021-10-30,completed
863,597,13,2023-02-02,in_progress
864,353,11,2023-01-13,in_progress
865,38,21,2023-01-23,dropped
866,132,3,2023-12-14,in_progress
867,9,1,2024-08-10,in_progress
868,418,21,2021-10-30,completed
869,515,6,2022-08-10,completed
870,679,20,2022-09-17,completed
871,155,7,2024-07-29,in_progress
872,698,18,2024-07-13,dropped
873,333,19,2022-01-02,completed
874,213,15,2024-08-26,in_progress
875,451,14,2024-01-16,in_progress
876,461,15,2021-11-18,completed
877,283,12,2021-11-17,completed
878,555,10,2024-06-09,in_progress
879,165,11,2024-07-26,in_progress
880,287,22,2022-11-23,completed
881,137,24,2021-10-18,completed
882,710,11,2021-11-13,completed
883,433,8,2023-11-20,in_progress
884,383,27,2023-03-06,in_progress
885,528,3,2021-10-07,completed
886,432,29,2024-07-20,in_progress
887,304,13,2023-12-14,in_progress
888,683,11,2023-03-21,in_progress
889,732,3,2022-02-17,completed
890,264,11,2023-09-04,dropped
891,124,2,2024-04-27,in_progress
892,585,14,2023-07-19,in_progress
893,45,18,2021-11-04,completed
894,549,9,2024-08-24,in_progress
895,545,29,2023-07-27,in_progress
896,311,27,2021-10-21,completed
897,335,13,2022-07-10,completed
898,573,19,2024-05-01,in_progress
899,379,6,2022-09-27,completed
900,630,24,2024-02-21,dropped
901,731,10,2022-07-16,completed
902,21,19,2023-05-17,in_progress
903,406,28,2022-12-11,completed
904,576,1,2022-10-31,completed
905,702,5,2024-03-03,in_progress
906,283,12,2022-03-25,completed
907,651,2,2022-09-07,completed
908,651,18,2023-06-28,in_progress
909,20,28,2024-09-27,in_progress
910,224,17,2024-02-26,dropped
911,313,12,2022-10-20,completed
912,167,1,2023-11-06,in_progress
913,11,9,2022-01-31,completed
914,673,15,2023-07-20,in_progress
915,316,11,2024-09-16,in_progress
916,139,23,2024-08-15,in_progress
917,235,21,2022-09-03,completed
918,735,24,2023-08-22,in_progress
919,115,22,2023-11-27,in_progress
920,482,1,2023-05-27,in_progress
921,288,23,2024-04-23,in_progress
922,429,20,2022-07-16,completed
923,409,25,2023-01-04,in_progress
924,63,7,2021-10-22,completed
925,568,9,2022-08-04,completed
926,269,8,2023-05-27,in_progress
927,616,19,2024-10-01,in_progress
928,629,22,2023-01-23,in_progress
929,546,5,2021-11-09,completed
930,52,16,2024-02-20,in_progress
931,403,16,2021-10-11,completed
932,235,18,2023-02-01,in_progress
933,505,14,2023-01-14,in_progress
934,37,6,2021-11-06,completed
935,449,8,2024-07-23,in_progress
936,681,25,2023-01-10,in_progress
937,302,18,2024-01-29,in_progress
938,317,25,2022-12-02,completed
939,581,29,2022-12-02,completed
940,555,28,2022-10-04,completed
941,605,9,2024-01-07,in_progress
942,504,12,2022-02-07,completed
943,399,5,2021-10-30,completed
944,515,22,2022-03-31,completed
945,665,16,2024-05-31,in_progress
946,132,6,2022-12-20,completed
947,328,30,2024-09-13,in_progress
948,343,1,2024-09-02,in_progress
949,618,18,2023-09-16,in_progress
950,475,26,2022-01-25,completed
951,116,6,2022-07-29,completed
952,612,30,2022-02-16,completed
953,332,19,2022-07-13,completed
954,742,13,2023-04-04,in_progress
955,6,12,2024-02-20,in_progress
956,516,29,2022-10-30,completed
957,426,6,2023-06-24,in_progress
958,51,8,2022-11-10,completed
959,360,22,2023-09-02,in_progress
960,716,8,2024-03-06,in_progress
961,516,12,2023-08-15,in_progress
962,575,15,2024-07-29,in_progress
963,251,27,2023-04-18,in_progress
964,265,11,2024-08-29,in_progress
965,635,22,2022-03-28,completed
966,236,6,2024-07-30,in_progress
967,487,23,2022-03-03,completed
968,44,3,2022-12-08,completed
969,151,27,2024-04-25,in_progress
970,205,25,2023-04-14,in_progress
971,26,6,2023-05-07,dropped
972,544,7,2024-05-21,in_progress
973,697,13,2024-02-01,in_progress
974,266,23,2024-09-17,in_progress
975,30,22,2023-07-22,in_progress
976,616,17,2023-01-16,in_progress
977,140,11,2023-10-19,in_progress
978,669,13,2022-09-17,completed
979,734,26,2023-01-07,in_progress
980,237,9,2021-12-04,completed
981,368,30,2023-06-26,in_progress
982,200,18,2023-02-02,in_progress
983,16,5,2023-10-27,in_progress
984,592,15,2024-09-24,in_progress
985,716,19,2021-11-10,completed
986,209,1,2024-06-22,in_progress
987,205,19,2022-10-15,completed
988,96,29,2023-04-02,in_progress
989,72,28,2022-04-20,completed
990,276,27,2022-01-14,completed
991,106,14,2024-04-25,in_progress
992,398,10,2022-03-26,completed
993,150,4,2024-06-10,in_progress
994,633,26,2022-12-27,completed
995,342,21,2024-03-15,in_progress
996,347,20,2024-06-22,in_progress
997,18,17,2023-06-21,dropped
998,510,21,2022-11-17,completed
999,416,19,2022-04-04,completed
1000,87,7,2023-09-10,dropped
1001,250,10,2023-08-09,in_progress
1002,432,28,2022-03-31,completed
1003,447,24,2024-09-27,in_progress
1004,537,8,2022-12-11,completed
1005,318,7,2021-12-20,completed
1006,580,25,2023-01-02,in_progress
1007,584,18,2024-08-01,in_progress
1008,316,27,2022-08-16,completed
1009,264,16,2021-10-09,completed
1010,252,8,2022-05-24,completed
1011,104,20,2022-01-01,completed
1012,2,14,2023-04-02,in_progress
1013,130,29,2023-06-10,in_progress
1014,490,27,2022-11-01,completed
1015,460,8,2023-03-24,in_progress
1016,183,1,2023-07-08,in_progress
1017,645,27,2024-03-13,in_progress
1018,247,18,2022-10-21,completed
1019,540,5,2024-08-04,in_progress
1020,154,8,2022-01-07,completed
1021,524,27,2023-07-18,in_progress
1022,628,16,2022-12-03,completed
1023,387,3,2023-08-21,dropped
1024,752,8,2022-06-24,completed
1025,80,24,2023-04-29,dropped
1026,239,23,2021-10-22,completed
1027,525,21,2024-02-10,in_progress
1028,641,28,2023-08-06,in_progress
1029,554,13,2022-09-09,completed
1030,71,6,2023-01-13,in_progress
1031,701,21,2023-12-31,in_progress
1032,268,7,2023-04-29,in_progress
1033,249,17,2022-12-22,completed
1034,505,26,2022-12-17,completed
1035,179,21,2023-10-31,in_progress
1036,736,28,2022-10-03,completed
1037,309,5,2023-08-30,in_progress
1038,216,1,2023-03-27,in_progress
1039,294,8,2022-01-02,completed
1040,394,2,2022-07-13,completed
1041,17,19,2023-01-20,in_progress
1042,316,6,2021-10-21,completed
1043,610,11,2022-09-13,completed
1044,369,2,2024-06-12,in_progress
1045,409,26,2022-09-08,completed
1046,364,21,2022-10-12,completed
1047,746,19,2022-03-26,completed
1048,534,3,2023-07-28,in_progress
1049,10,9,2023-07-31,in_progress
1050,371,1,2024-04-10,in_progress
1051,426,23,2023-10-23,in_progress
1052,448,27,2024-06-10,dropped
1053,660,8,2021-10-26,completed
1054,160,4,2022-09-15,completed
1055,7,16,2022-04-26,completed
1056,714,12,2024-04-17,in_progress
1057,112,15,2022-05-29,completed
1058,216,1,2024-07-09,in_progress
1059,535,29,2022-11-28,completed
1060,625,29,2022-06-30,completed
1061,624,21,2024-08-23,in_progress
1062,548,24,2023-01-07,in_progress
1063,670,21,2022-06-25,completed
1064,532,28,2021-12-31,completed
1065,113,30,2022-03-09,completed
1066,411,25,2022-10-20,completed
1067,206,18,2024-09-03,in_progress
1068,459,20,2024-03-19,in_progress
1069,596,17,2022-04-23,completed
1070,131,24,2021-10-15,completed
1071,46,12,2023-11-19,in_progress
1072,754,6,2021-12-06,completed
1073,759,19,2024-02-03,in_progress
1074,190,2,2023-07-06,in_progress
1075,389,17,2023-05-24,in_progress
1076,366,26,2022-07-07,completed
1077,439,9,2023-01-19,in_progress
1078,524,6,2022-10-26,completed
1079,273,2,2023-04-06,in_progress
1080,129,9,2024-09-03,in_progress
1081,163,8,2024-01-19,dropped
1082,519,29,2022-04-20,completed
1083,712,2,2023-11-25,in_progress
1084,742,15,2023-08-01,dropped
1085,367,13,2024-04-20,in_progress
1086,565,4,2023-03-05,in_progress
1087,459,1,2023-08-29,in_progress
1088,363,14,2024-07-17,in_progress
1089,304,22,2022-11-20,completed
1090,435,23,2022-03-27,completed
1091,751,16,2023-08-21,in_progress
1092,176,7,2024-07-07,in_progress
1093,588,3,2024-03-17,in_progress
1094,362,10,2024-02-25,in_progress
1095,3,19,2023-09-08,in_progress
1096,362,25,2022-08-20,completed
1097,742,27,2024-07-05,in_progress
1098,614,14,2022-11-07,completed
1099,749,29,2022-02-22,completed
1100,41,27,2022-07-26,completed
1101,465,22,2024-03-11,in_progress
1102,626,26,2022-05-12,completed
1103,663,20,2021-11-29,completed
1104,723,19,2022-01-16,completed
1105,414,24,2024-03-23,in_progress
1106,543,28,2024-01-02,in_progress
1107,631,18,2024-01-21,in_progress
1108,282,2,2022-04-04,completed
1109,382,20,2023-05-18,in_progress
1110,359,8,2023-03-03,in_progress
1111,568,19,2022-06-13,completed
1112,510,19,2022-07-12,completed
1113,369,10,2024-03-11,dropped
1114,21,30,2023-02-14,in_progress
1115,351,10,2024-08-01,in_progress
1116,567,11,2021-10-09,completed
1117,413,7,2023-04-05,in_progress
1118,156,15,2022-10-29,completed
1119,541,8,2024-01-26,dropped
1120,702,1,2021-12-20,completed
1121,150,22,2022-12-06,completed
1122,333,20,2022-05-04,completed
1123,721,19,2023-07-19,in_progress
1124,526,30,2023-12-31,in_progress
1125,490,24,2022-12-28,completed
1126,587,27,2024-09-11,in_progress
1127,647,13,2024-08-02,dropped
1128,598,6,2024-01-10,in_progress
1129,449,6,2022-12-25,completed
1130,231,19,2021-10-07,completed
1131,309,3,2022-07-18,completed
1132,146,24,2023-11-02,dropped
1133,77,28,2022-08-14,completed
1134,183,29,2024-03-07,in_progress
1135,694,1,2022-12-17,completed
1136,38,12,2021-10-17,completed
1137,373,16,2023-02-01,in_progress
1138,469,14,2023-03-04,in_progress
1139,689,24,2024-06-01,in_progress
1140,126,1,2024-03-01,in_progress
1141,592,6,2023-07-05,in_progress
1142,98,23,2023-10-31,dropped
1143,436,13,2022-05-05,completed
1144,349,2,2024-04-25,in_progress
1145,391,29,2022-12-21,completed
1146,64,26,2021-12-22,completed
1147,363,18,2022-04-09,completed
1148,370,6,2022-01-04,completed
1149,255,14,2024-09-07,in_progress
1150,44,17,2022-12-19,completed
1151,428,9,2022-08-30,completed
1152,523,25,2023-02-14,in_progress
1153,632,17,2021-10-04,completed
1154,9,9,2022-12-14,completed
1155,95,17,2023-01-12,in_progress
1156,247,28,2023-12-30,dropped
1157,339,10,2023-07-11,in_progress
1158,534,21,2022-04-16,completed
1159,665,26,2024-05-11,in_progress
1160,409,16,2023-01-12,in_progress
1161,61,11,2023-09-09,in_progress
1162,707,17,2022-08-04,completed
1163,498,12,2022-05-29,completed
1164,121,7,2023-03-20,in_progress
1165,95,6,2023-03-30,in_progress
1166,94,1,2023-10-14,in_progress
1167,647,5,2023-09-19,in_progress
1168,661,24,2022-05-25,completed
1169,386,22,2022-01-10,completed
1170,634,23,2022-11-27,completed
1171,102,17,2023-12-27,in_progress
1172,357,23,2024-02-08,in_progress
1173,621,29,2024-08-10,dropped
1174,398,8,2023-07-17,in_progress
1175,759,17,2023-03-04,dropped
1176,682,24,2021-10-18,completed
1177,690,11,2022-11-18,completed
1178,403,1,2023-06-15,in_progress
1179,747,28,2024-09-06,in_progress
1180,31,12,2023-07-13,in_progress
1181,370,18,2024-06-22,in_progress
1182,653,19,2022-06-16,completed
1183,714,10,2022-12-13,completed
1184,292,4,2022-11-19,completed
1185,356,21,2023-07-06,dropped
1186,308,8,2024-03-28,in_progress
1187,17,20,2023-11-09,in_progress
1188,259,14,2023-12-04,in_progress
1189,407,2,2023-05-22,in_progress
1190,402,4,2022-12-01,completed
1191,22,18,2023-11-27,in_progress
1192,85,13,2022-04-16,completed
1193,69,3,2024-07-18,in_progress
1194,85,5,2024-07-19,in_progress
1195,541,3,2022-07-31,completed
1196,123,12,2022-02-21,completed
1197,364,12,2024-03-16,in_progress
1198,143,28,2023-07-11,in_progress
1199,4,30,2021-10-24,completed
1200,566,10,2021-10-17,completed
1201,420,5,2023-06-28,in_progress
1202,628,20,2022-10-27,completed
1203,516,27,2022-08-31,completed
1204,522,12,2023-09-11,in_progress
1205,527,12,2022-04-13,completed
1206,36,8,2024-06-15,in_progress
1207,642,17,2023-05-09,in_progress
1208,212,17,2022-06-27,completed
1209,157,19,2022-09-10,completed
1210,579,27,2023-08-23,in_progress
1211,443,27,2022-12-14,completed
1212,494,21,2024-06-19,in_progress
1213,389,7,2024-07-27,in_progress
1214,429,26,2023-01-08,in_progress
1215,112,8,2022-03-15,completed
1216,696,1,2023-05-26,in_progress
1217,681,28,2022-03-08,completed
1218,213,14,2023-02-08,in_progress
1219,767,2,2022-11-16,completed
1220,156,26,2022-07-28,completed
1221,463,22,2024-06-19,in_progress
1222,152,8,2023-10-08,dropped
1223,520,1,2023-05-15,in_progress
1224,212,23,2024-07-12,dropped
1225,587,4,2024-04-15,in_progress
1226,374,26,2023-06-26,in_progress
1227,95,29,2022-08-04,completed
1228,436,8,2023-12-09,in_progress
1229,183,6,2023-01-01,in_progress
1230,184,5,2022-06-15,completed
1231,346,2,2022-05-10,completed
1232,60,18,2023-11-21,in_progress
1233,304,27,2022-08-24,completed
1234,637,3,2024-06-27,in_progress
1235,522,3,2022-05-02,completed
1236,372,25,2022-06-08,completed
1237,670,7,2023-08-05,in_progress
1238,179,16,2022-02-01,completed
1239,751,7,2023-09-04,in_progress
1240,399,29,2022-11-08,completed
1241,26,24,2022-09-14,completed
1242,18,7,2023-01-18,in_progress
1243,426,17,2023-03-01,in_progress
1244,2,29,2023-12-16,in_progress
1245,22,16,2023-12-22,in_progress
1246,168,1,2024-08-16,in_progress
1247,135,1,2023-10-09,in_progress
1248,234,7,2023-06-19,in_progress
1249,310,18,2021-11-25,completed
1250,95,27,2023-06-19,in_progress
1251,313,9,2024-04-23,in_progress
1252,553,23,2022-07-28,completed
1253,48,29,2022-07-15,completed
1254,463,12,2024-06-11,in_progress
1255,319,5,2024-05-07,in_progress
1256,667,20,2021-11-15,completed
1257,197,23,2024-09-23,in_progress
1258,1,20,2023-11-13,in_progress
1259,86,1,2022-06-12,completed
1260,337,26,2023-08-21,in_progress
1261,647,26,2024-09-05,in_progress
1262,247,10,2023-09-17,in_progress
1263,86,17,2023-01-30,dropped
1264,104,6,2022-10-08,completed
1265,276,5,2023-04-25,dropped
1266,522,2,2022-05-13,completed
1267,307,19,2024-04-29,in_progress
1268,489,22,2022-07-26,completed
1269,713,12,2023-04-16,in_progress
1270,327,14,2024-07-23,dropped
1271,316,14,2022-08-21,completed
1272,130,4,2024-08-08,in_progress
1273,330,17,2022-02-27,completed
1274,666,13,2022-11-25,completed
1275,164,24,2023-09-09,in_progress
1276,48,26,2023-09-07,in_progress
1277,731,27,2024-04-08,in_progress
1278,541,25,2022-11-09,completed
1279,420,17,2023-06-22,in_progress
1280,327,8,2022-03-25,completed
1281,454,30,2023-03-02,in_progress
1282,203,3,2023-10-27,in_progress
1283,514,3,2023-11-14,in_progress
1284,754,7,2024-01-26,in_progress
1285,370,14,2021-12-05,completed
1286,161,24,2022-11-04,completed
1287,182,18,2024-09-23,in_progress
1288,176,26,2022-11-06,completed
1289,163,11,2024-10-02,in_progress
1290,610,20,2022-06-28,completed
1291,170,1,2023-12-14,in_progress
1292,622,12,2023-05-15,in_progress
1293,416,3,2024-02-04,in_progress
1294,77,21,2024-05-03,in_progress
1295,565,18,2023-07-03,in_progress
1296,264,1,2023-03-06,in_progress
1297,689,15,2023-09-01,in_progress
1298,508,10,2024-02-19,in_progress
1299,80,18,2022-09-30,completed
1300,264,17,2022-02-28,completed
1301,351,27,2021-10-09,completed
1302,146,16,2023-02-17,in_progress
1303,153,7,2024-06-21,in_progress
1304,533,6,2024-08-08,dropped
1305,430,17,2023-05-27,in_progress
1306,142,5,2022-01-12,completed
1307,707,28,2024-01-04,dropped
1308,370,8,2021-10-30,completed
1309,456,2,2023-09-08,dropped
1310,159,11,2021-12-29,completed
1311,734,12,2023-09-09,in_progress
1312,433,27,2023-07-02,in_progress
1313,651,20,2023-06-10,in_progress
1314,292,13,2023-11-10,in_progress
1315,478,18,2022-10-13,completed
1316,219,17,2024-01-29,in_progress
1317,284,2,2023-12-03,in_progress
1318,742,6,2024-04-13,in_progress
1319,588,26,2023-06-19,in_progress
1320,725,30,2022-09-20,completed
1321,634,7,2022-10-17,completed
1322,247,20,2024-03-17,in_progress
1323,141,12,2022-05-15,completed
1324,239,5,2024-04-05,in_progress
1325,50,1,2023-07-08,in_progress
1326,176,11,2022-07-24,completed
1327,760,18,2024-05-10,in_progress
1328,588,11,2024-08-10,dropped
1329,335,28,2022-02-09,completed
1330,337,16,2024-07-01,in_progress
1331,190,3,2022-03-08,completed
1332,763,13,2024-07-05,in_progress
1333,738,3,2023-10-03,in_progress
1334,707,29,2021-10-08,completed
1335,403,8,2022-09-08,completed
1336,724,16,2021-12-17,completed
1337,103,13,2023-06-08,in_progress
1338,89,24,2023-08-21,in_progress
1339,336,1,2024-04-08,in_progress
1340,566,23,2023-05-20,in_progress
1341,62,17,2023-12-22,in_progress
1342,98,22,2023-11-08,in_progress
1343,508,14,2023-03-13,in_progress
1344,191,1,2022-08-05,completed
1345,590,6,2023-12-12,in_progress
1346,323,3,2022-09-22,completed
1347,292,12,2024-07-04,in_progress
1348,452,21,2022-10-04,completed
1349,538,19,2022-05-13,completed
1350,724,23,2022-11-21,completed
1351,454,24,2023-01-07,in_progress
1352,169,2,2022-12-03,completed
1353,273,4,2022-08-31,completed
1354,122,15,2024-04-30,dropped
1355,314,28,2023-09-02,in_progress
1356,308,15,2023-08-31,in_progress
1357,508,1,2023-10-09,in_progress
1358,646,9,2023-07-07,dropped
1359,239,10,2024-01-12,in_progress
1360,359,27,2023-04-16,in_progress
1361,238,9,2024-04-27,in_progress
1362,411,28,2023-08-15,in_progress
1363,697,20,2022-06-26,completed
1364,473,3,2024-07-06,in_progress
1365,181,13,2021-10-30,completed
1366,630,27,2023-02-24,in_progress
1367,746,24,2022-04-29,completed
1368,148,12,2023-10-29,in_progress
1369,605,7,2022-11-09,completed
1370,555,15,2022-03-04,completed
1371,452,9,2022-11-19,completed
1372,257,29,2022-12-22,completed
1373,359,24,2023-09-03,in_progress
1374,623,16,2022-08-18,completed
1375,222,9,2022-05-30,completed
1376,545,29,2023-03-18,in_progress
1377,352,22,2022-03-10,completed
1378,232,15,2023-01-05,in_progress
1379,363,16,2023-01-07,in_progress
1380,277,5,2024-02-20,in_progress
1381,61,30,2024-09-24,in_progress
1382,321,12,2023-11-24,in_progress
1383,103,8,2024-01-18,in_progress
1384,558,6,2023-09-15,in_progress
1385,421,11,2023-12-17,in_progress
1386,705,5,2023-01-04,dropped
1387,222,24,2023-07-10,in_progress
1388,21,9,2024-07-05,in_progress
1389,615,11,2022-11-30,completed
1390,24,15,2022-05-12,completed
1391,171,18,2022-02-25,completed
1392,541,20,2023-01-20,in_progress
1393,197,19,2023-01-05,in_progress
1394,409,7,2023-08-21,in_progress
1395,260,13,2024-07-12,in_progress
1396,347,20,2022-01-21,completed
1397,683,24,2022-11-05,completed
1398,502,25,2024-07-03,in_progress
1399,551,26,2022-07-05,completed
1400,433,26,2024-03-04,in_progress
1401,600,29,2023-10-07,in_progress
1402,408,30,2023-06-26,in_progress
1403,702,26,2024-07-24,in_progress
1404,764,20,2024-08-02,in_progress
1405,447,19,2023-12-22,in_progress
1406,754,1,2022-09-15,completed
1407,272,22,2022-10-03,completed
1408,580,22,2023-04-28,in_progress
1409,703,14,2022-11-27,completed
1410,656,10,2023-05-02,in_progress
1411,645,7,2023-12-24,in_progress
1412,268,18,2022-05-11,completed
1413,622,18,2022-02-16,completed
1414,635,13,2022-01-04,completed
1415,306,15,2022-11-11,completed
1416,473,30,2024-01-21,in_progress
1417,550,16,2024-01-11,in_progress
1418,374,4,2024-06-15,in_progress
1419,389,4,2024-08-16,in_progress
1420,130,3,2023-12-01,in_progress
1421,142,3,2021-12-11,completed
1422,638,29,2023-07-06,in_progress
1423,505,25,2024-02-23,in_progress
1424,19,26,2023-07-27,in_progress
1425,680,1,2023-07-03,in_progress
1426,534,21,2023-11-26,in_progress
1427,713,24,2024-07-27,in_progress
1428,748,26,2023-02-28,in_progress
1429,170,10,2023-05-29,in_progress
1430,533,16,2023-05-12,in_progress
1431,285,26,2024-05-07,in_progress
1432,707,25,2023-02-10,dropped
1433,637,23,2021-12-25,completed
1434,577,26,2022-06-30,completed
1435,239,21,2023-02-27,in_progress
1436,611,24,2023-09-11,in_progress
1437,466,29,2023-11-21,in_progress
1438,201,14,2021-10-21,completed
1439,583,24,2023-10-10,dropped
1440,19,5,2023-09-21,in_progress
1441,558,8,2023-07-22,in_progress
1442,560,12,2023-11-26,in_progress
1443,722,25,2023-05-22,in_progress
1444,318,17,2023-07-20,in_progress
1445,84,14,2022-10-30,completed
1446,68,23,2024-01-16,in_progress
1447,651,20,2021-10-15,completed
1448,110,8,2024-02-21,in_progress
1449,746,29,2023-10-17,in_progress
1450,38,23,2022-09-10,completed
1451,44,25,2024-09-29,in_progress
1452,409,17,2023-05-15,in_progress
1453,393,26,2023-05-23,dropped
1454,495,27,2022-02-02,completed
1455,666,21,2022-04-14,completed
1456,442,6,2024-04-03,in_progress
1457,64,27,2023-04-17,in_progress
1458,588,7,2024-06-02,in_progress
1459,351,21,2021-11-23,completed
1460,322,27,2021-11-30,completed
1461,545,6,2022-12-18,completed
1462,108,1,2022-08-21,completed
1463,465,8,2024-04-03,in_progress
1464,688,10,2022-04-23,completed
1465,104,4,2024-03-17,in_progress
1466,505,20,2023-06-10,in_progress
1467,42,28,2024-04-24,in_progress
1468,678,24,2024-04-25,in_progress
1469,304,18,2023-03-26,in_progress
1470,670,7,2022-07-03,completed
1471,682,2,2022-02-01,completed
1472,5,9,2022-12-12,completed
1473,270,20,2024-09-29,in_progress
1474,690,13,2022-02-05,completed
1475,52,8,2022-04-02,completed
1476,262,21,2023-11-26,in_progress
1477,759,4,2023-08-23,in_progress
1478,298,26,2024-04-15,in_progress
1479,185,18,2024-04-06,in_progress
1480,1,13,2021-12-24,completed
1481,175,4,2024-08-26,in_progress
1482,671,6,2022-05-27,completed
1483,685,25,2023-02-05,in_progress
1484,754,4,2023-06-12,in_progress
1485,454,9,2023-09-03,in_progress
1486,39,10,2023-01-26,in_progress
1487,176,26,2023-01-21,in_progress
1488,407,25,2024-04-28,in_progress
1489,753,3,2024-02-13,in_progress
1490,275,11,2024-07-14,dropped
1491,508,26,2023-06-24,in_progress
1492,346,9,2022-01-24,completed
1493,624,15,2023-10-25,in_progress
1494,667,13,2022-06-24,completed
1495,626,27,2023-06-17,in_progress
1496,355,14,2023-04-16,in_progress
1497,517,23,2024-09-23,in_progress
1498,496,20,2023-02-20,in_progress
1499,516,6,2023-03-02,in_progress
1500,562,18,2024-09-12,in_progress
1501,582,28,2024-02-23,dropped
1502,376,17,2023-11-03,dropped
1503,233,14,2024-05-28,in_progress
1504,34,12,2023-12-21,in_progress
1505,133,9,2022-11-26,completed
1506,732,13,2023-06-04,in_progress
1507,508,21,2022-10-23,completed
1508,85,2,2024-07-08,in_progress
1509,219,22,2023-11-03,in_progress
1510,345,11,2023-01-20,in_progress
1511,220,8,2021-10-28,completed
1512,395,4,2021-12-24,completed
1513,86,4,2023-03-03,in_progress
1514,37,7,2022-05-30,completed
1515,305,12,2023-01-08,in_progress
1516,631,14,2024-04-05,in_progress
1517,212,4,2021-10-14,completed
1518,200,24,2024-05-16,in_progress
1519,305,25,2022-10-15,completed
1520,502,12,2024-09-25,in_progress
1521,575,8,2024-07-13,in_progress
1522,68,8,2023-05-11,in_progress
1523,538,14,2024-02-22,in_progress
1524,432,30,2024-09-05,in_progress
1525,71,20,2022-04-25,completed
1526,285,30,2024-09-09,in_progress
1527,710,13,2024-01-11,in_progress
1528,191,9,2023-07-23,in_progress
1529,577,18,2022-12-26,completed
1530,464,3,2024-04-08,in_progress
1531,506,8,2023-12-08,in_progress
1532,696,16,2022-03-27,completed
1533,432,9,2021-12-05,completed
1534,431,27,2024-06-30,in_progress
1535,654,25,2023-01-23,dropped
1536,421,9,2022-10-14,completed
1537,625,10,2022-01-09,completed
1538,201,14,2022-10-24,completed
1539,568,14,2024-02-23,in_progress
1540,565,15,2023-04-04,in_progress
1541,39,16,2024-04-04,in_progress
1542,354,29,2024-08-08,in_progress
1543,320,29,2024-06-18,in_progress
1544,411,15,2024-07-27,in_progress
1545,429,19,2023-12-04,in_progress
1546,10,3,2024-02-15,in_progress
1547,270,7,2023-04-08,in_progress
1548,455,24,2024-08-05,in_progress
1549,755,27,2023-08-14,in_progress
1550,743,23,2024-06-17,in_progress
1551,249,27,2022-05-13,completed
1552,639,17,2023-08-14,dropped
1553,626,8,2024-06-14,in_progress
1554,710,25,2021-11-21,completed
1555,225,14,2022-02-01,completed
1556,248,22,2022-05-19,completed
1557,222,19,2023-08-19,dropped
1558,705,22,2023-06-02,in_progress
1559,684,5,2022-06-28,completed
1560,213,25,2022-04-15,completed
1561,198,16,2023-04-02,dropped
1562,510,27,2023-03-20,in_progress
1563,585,26,2022-04-27,completed
1564,231,23,2024-08-23,in_progress
1565,703,10,2023-08-22,in_progress
1566,496,11,2022-05-07,completed
1567,605,24,2022-07-09,completed
1568,522,30,2024-04-22,in_progress
1569,550,29,2022-10-02,completed
1570,355,2,2021-12-14,completed
1571,412,5,2022-12-25,completed
1572,317,3,2023-03-29,in_progress
1573,246,20,2023-03-08,in_progress
1574,439,9,2021-10-09,completed
1575,385,26,2024-05-01,in_progress
1576,763,8,2023-11-23,in_progress
1577,712,7,2022-04-27,completed
1578,686,22,2022-12-24,completed
1579,367,10,2022-06-10,completed
1580,268,20,2024-02-04,in_progress
1581,273,26,2023-05-07,in_progress
1582,649,4,2024-06-16,in_progress
1583,273,21,2024-08-09,in_progress
1584,27,7,2023-02-01,in_progress
1585,17,6,2023-04-10,in_progress
1586,447,10,2023-09-27,in_progress
1587,371,2,2023-02-28,in_progress
1588,22,9,2022-07-05,completed
1589,759,6,2024-06-05,in_progress
1590,655,10,2022-10-23,completed
1591,730,24,2024-02-21,in_progress
1592,416,23,2023-04-13,in_progress
1593,688,28,2022-04-13,completed
1594,441,29,2022-04-13,completed
1595,157,23,2022-12-13,completed
1596,684,13,2022-04-21,completed
1597,575,13,2021-12-24,completed
1598,364,17,2024-01-02,in_progress
1599,458,10,2023-09-01,in_progress
1600,87,11,2022-11-22,completed
1601,159,27,2022-06-03,completed
1602,655,6,2022-07-28,completed
1603,199,27,2022-02-03,completed
1604,734,17,2024-09-12,in_progress
1605,575,5,2021-10-11,completed
1606,623,16,2022-06-02,completed
1607,266,2,2024-07-15,in_progress
1608,612,18,2023-11-29,in_progress
1609,566,22,2024-07-30,in_progress
1610,693,7,2024-07-20,in_progress
1611,503,24,2023-05-03,in_progress
1612,641,24,2023-08-31,in_progress
1613,184,20,2023-07-28,in_progress
1614,627,22,2022-05-10,completed
1615,670,6,2023-02-04,in_progress
1616,437,2,2021-10-14,completed
1617,622,6,2024-07-03,in_progress
1618,31,6,2024-01-01,dropped
1619,276,26,2024-09-15,in_progress
1620,389,17,2023-11-27,in_progress
1621,515,20,2021-12-15,completed
1622,579,4,2024-03-31,in_progress
1623,183,11,2022-06-18,completed
1624,89,4,2022-07-28,completed
1625,432,24,2023-07-15,in_progress
1626,605,9,2024-02-24,in_progress
1627,560,20,2024-01-18,in_progress
1628,197,19,2021-11-18,completed
1629,609,30,2023-07-01,in_progress
1630,646,29,2022-03-25,completed
1631,117,18,2021-12-21,completed
1632,490,29,2024-03-10,dropped
1633,55,17,2023-07-28,in_progress
1634,141,17,2024-04-16,in_progress
1635,487,11,2024-08-26,in_progress
1636,514,18,2022-04-07,completed
1637,131,28,2023-07-22,in_progress
1638,661,13,2024-07-17,in_progress
1639,150,3,2023-09-24,in_progress
1640,420,20,2021-11-14,completed
1641,637,15,2023-10-23,in_progress
1642,321,18,2023-02-06,in_progress
1643,31,10,2024-07-12,in_progress
1644,285,3,2022-08-07,completed
1645,13,7,2024-06-03,in_progress
1646,60,19,2021-10-26,completed
1647,296,14,2021-11-11,completed
1648,33,18,2024-02-24,in_progress
1649,198,17,2024-07-10,dropped
1650,102,10,2022-02-15,completed
1651,53,10,2021-11-04,completed
1652,48,1,2022-02-16,completed
1653,595,30,2023-07-01,in_progress
1654,464,29,2024-01-14,in_progress
1655,687,4,2023-12-18,in_progress
1656,729,10,2022-11-23,completed
1657,237,2,2023-01-07,dropped
1658,100,4,2023-02-12,dropped
1659,693,6,2022-02-24,completed
1660,299,29,2022-01-28,completed
1661,42,22,2023-12-12,in_progress
1662,219,15,2024-09-20,in_progress
1663,532,18,2021-10-10,completed
1664,513,11,2024-06-17,dropped
1665,185,21,2023-06-01,in_progress
1666,679,15,2022-09-03,completed
1667,107,27,2022-06-08,completed
1668,663,8,2022-01-02,completed
1669,667,17,2024-07-05,in_progress
1670,358,19,2022-05-30,completed
1671,69,20,2022-11-11,completed
1672,709,7,2024-09-03,in_progress
1673,749,5,2024-10-01,in_progress
1674,715,12,2023-02-05,in_progress
1675,694,15,2021-10-31,completed
1676,711,7,2023-06-02,in_progress
1677,407,2,2023-04-27,in_progress
1678,440,10,2022-06-29,completed
1679,81,5,2022-10-10,completed
1680,411,26,2024-02-14,in_progress
1681,418,8,2023-07-12,in_progress
1682,525,9,2023-12-17,dropped
1683,767,19,2023-10-15,in_progress
1684,343,15,2024-05-11,in_progress
1685,129,24,2022-09-09,completed
1686,205,19,2023-01-15,in_progress
1687,458,4,2022-10-14,completed
1688,39,21,2022-12-25,completed
1689,113,22,2021-11-29,completed
1690,759,3,2022-06-26,completed
1691,708,19,2022-07-24,completed
1692,237,30,2023-03-27,in_progress
1693,242,25,2021-12-13,completed
1694,39,17,2024-08-14,in_progress
1695,765,25,2024-09-13,dropped
1696,36,24,2024-01-08,in_progress
1697,25,3,2022-03-07,completed
1698,376,20,2022-07-08,completed
1699,622,24,2023-06-27,in_progress
1700,360,29,2024-03-18,in_progress
1701,475,18,2023-05-27,in_progress
1702,308,27,2022-03-27,completed
1703,137,10,2024-06-16,in_progress
1704,413,24,2024-02-20,in_progress
1705,623,24,2023-07-30,in_progress
1706,21,28,2024-06-05,in_progress
1707,79,19,2023-01-29,in_progress
1708,394,17,2023-10-22,dropped
1709,702,28,2023-02-15,in_progress
1710,232,19,2022-12-24,completed
1711,414,4,2022-11-30,completed
1712,728,17,2023-05-24,dropped
1713,65,23,2024-01-04,in_progress
1714,377,21,2021-11-07,completed
1715,470,4,2024-08-29,in_progress
1716,10,3,2023-11-08,dropped
1717,503,23,2022-11-21,completed
1718,90,2,2023-04-29,in_progress
1719,280,28,2021-12-08,completed
1720,144,5,2022-02-16,completed
1721,46,13,2022-07-14,completed
1722,74,7,2024-08-04,in_progress
1723,248,26,2024-03-27,in_progress
1724,342,20,2022-08-22,completed
1725,456,22,2024-04-14,in_progress
1726,556,17,2022-04-11,completed
1727,136,6,2021-12-18,completed
1728,93,27,2023-07-20,in_progress
1729,534,28,2022-06-01,completed
1730,327,15,2021-12-07,completed
1731,227,20,2023-03-18,in_progress
1732,314,1,2024-07-01,in_progress
1733,696,7,2023-08-29,in_progress
1734,442,21,2022-03-20,completed
1735,399,24,2023-08-02,in_progress
1736,51,4,2021-11-08,completed
1737,45,12,2024-06-04,in_progress
1738,505,10,2022-04-12,completed
1739,690,13,2023-06-07,in_progress
1740,545,26,2022-10-11,completed
1741,685,26,2023-08-03,in_progress
1742,742,5,2024-05-09,in_progress
1743,88,14,2024-06-11,in_progress
1744,359,26,2022-09-19,completed
1745,395,28,2022-03-08,completed
1746,162,2,2024-05-07,in_progress
1747,607,21,2022-03-26,completed
1748,204,11,2022-08-29,completed
1749,6,19,2023-05-21,in_progress
1750,617,6,2022-02-16,completed
1751,435,4,2024-02-17,dropped
1752,77,1,2024-01-23,in_progress
1753,749,11,2023-09-26,in_progress
1754,434,8,2024-04-10,in_progress
1755,216,15,2022-08-28,completed
1756,151,15,2023-10-08,in_progress
1757,323,22,2022-02-14,completed
1758,26,3,2023-07-27,in_progress
1759,721,2,2024-06-06,in_progress
1760,403,17,2023-10-17,in_progress
1761,479,7,2023-02-20,in_progress
1762,202,7,2023-07-07,in_progress
1763,644,11,2023-10-06,in_progress
1764,194,18,2022-12-07,completed
1765,664,29,2022-03-19,completed
1766,212,24,2023-12-06,in_progress
1767,680,9,2022-10-04,completed
1768,634,17,2024-07-11,in_progress
1769,763,9,2023-07-22,in_progress
1770,33,12,2023-07-22,in_progress
1771,371,28,2022-07-23,completed
1772,277,14,2022-03-20,completed
1773,374,15,2022-07-01,completed
1774,220,4,2023-09-11,in_progress
1775,127,10,2024-02-08,in_progress
1776,97,27,2023-04-17,in_progress
1777,251,26,2024-04-12,in_progress
1778,601,17,2022-06-06,completed
1779,320,29,2024-02-16,in_progress
1780,108,4,2024-04-14,in_progress
1781,298,6,2023-06-19,in_progress
1782,454,27,2024-05-26,in_progress
1783,481,7,2023-12-10,in_progress
1784,457,8,2023-08-12,in_progress
1785,418,15,2022-04-12,completed
1786,626,11,2023-04-09,in_progress
1787,299,10,2023-04-07,in_progress
1788,205,11,2023-11-07,in_progress
1789,627,28,2024-04-03,dropped
1790,643,6,2021-10-03,completed
1791,548,26,2022-09-05,completed
1792,358,28,2024-03-03,in_progress
1793,408,17,2023-09-08,in_progress
1794,666,4,2023-01-07,in_progress
1795,283,8,2023-04-24,in_progress
1796,659,18,2023-06-23,in_progress
1797,223,23,2024-03-14,in_progress
1798,73,14,2022-07-31,completed
1799,529,21,2023-10-08,in_progress
1800,445,5,2023-02-17,in_progress
1801,53,5,2022-07-22,completed
1802,349,29,2023-10-08,in_progress
1803,34,2,2023-09-01,dropped
1804,589,28,2024-03-31,in_progress
1805,689,25,2023-06-15,in_progress
1806,383,5,2024-07-12,in_progress
1807,240,6,2021-11-10,completed
1808,419,28,2023-02-03,in_progress
1809,308,6,2024-04-25,dropped
1810,340,24,2023-10-11,in_progress
1811,706,24,2021-10-12,completed
1812,312,7,2023-05-11,in_progress
1813,45,19,2022-12-04,completed
1814,753,15,2022-07-12,completed
1815,98,10,2024-08-18,in_progress
1816,4,16,2023-05-27,in_progress
1817,524,30,2022-08-06,completed
1818,31,13,2022-12-05,completed
1819,165,8,2021-10-10,completed
1820,306,29,2023-07-24,in_progress
1821,332,20,2022-12-04,completed
1822,214,14,2024-07-11,in_progress
1823,516,20,2023-02-17,in_progress
1824,531,26,2023-02-12,in_progress
1825,502,29,2023-12-14,in_progress
1826,396,16,2022-07-12,completed
1827,525,28,2022-07-22,completed
1828,91,30,2021-12-02,completed
1829,363,29,2023-07-10,in_progress
1830,678,13,2024-01-14,in_progress
1831,187,24,2023-07-11,in_progress
1832,387,18,2021-10-20,completed
1833,124,13,2024-09-24,in_progress
1834,575,7,2023-12-05,in_progress
1835,219,18,2021-11-30,completed
1836,424,13,2022-07-15,completed
1837,395,20,2021-12-05,completed
1838,740,3,2024-05-22,in_progress
1839,309,12,2023-04-08,in_progress
1840,567,8,2022-05-17,completed
1841,434,2,2023-12-07,in_progress
1842,530,19,2022-06-02,completed
1843,449,5,2022-12-04,completed
1844,300,8,2022-05-18,completed
1845,209,20,2023-01-16,in_progress
1846,746,8,2022-07-30,completed
1847,692,25,2022-12-13,completed
1848,587,13,2022-09-30,completed
1849,331,7,2022-10-26,completed
1850,374,21,2023-07-05,in_progress
